{
  "schedules": ["2014-07-12", "2014-07-13", "2014-07-14", "2014-07-18", "2014-07-19"],
  "currentDate": "2014-07-14",
  "activeDate": "2014-07-12",
  "scheduleItems": [
    {
      "index": 16,
      "start": "08:00",
      "end": "08:30",
      "status": "appointed"
    },
    {
      "index": 20,
      "start": "09:00",
      "end": "09:30",
      "status": ""
    },
    {
      "index": 25,
      "start": "12:30",
      "end": "13:00",
      "status": "appointed"
    }
  ]
}
