{
  "schedules": ["2014-07-12", "2014-07-13", "2014-07-14", "2014-07-18", "2014-07-19"],
  "currentDate": "2014-07-14",
  "activeDate": "2014-07-14",
  "scheduleItems": [
    {
      "index": 36,
      "start": "18:00",
      "end": "18:30",
      "status": "appointed"
    },
    {
      "index": 38,
      "start": "19:00",
      "end": "19:30",
      "status": ""
    },
    {
      "index": 4,
      "start": "02:00",
      "end": "02:30",
      "status": ""
    }
  ]
}
