{
  "schedules": ["2014-07-12", "2014-07-13", "2014-07-14", "2014-07-18", "2014-07-19"],
  "currentDate": "2014-07-14",
  "activeDate": "2014-07-18",
  "scheduleItems": [
    {
      "index": 28,
      "start": "14:00",
      "end": "14:30",
      "status": "appointed"
    },
    {
      "index": 44,
      "start": "22:00",
      "end": "22:30",
      "status": ""
    },
    {
      "index": 10,
      "start": "05:00",
      "end": "05:30",
      "status": "appointed"
    }
  ]
}
