{
  "schedules": ["2014-07-12", "2014-07-13", "2014-07-14", "2014-07-18", "2014-07-19"],
  "currentDate": "2014-07-14",
  "activeDate": "2014-07-13",
  "scheduleItems": [
    {
      "index": 11,
      "start": "05:30",
      "end": "06:00",
      "status": ""
    },
    {
      "index": 14,
      "start": "07:00",
      "end": "07:30",
      "status": ""
    },
    {
      "index": 6,
      "start": "03:00",
      "end": "03:30",
      "status": "appointed"
    }
  ]
}
