{
  "schedules": ["2014-07-12", "2014-07-13", "2014-07-14", "2014-07-18", "2014-07-19"],
  "currentDate": "2014-07-14",
  "activeDate": "2014-07-19",
  "scheduleItems": [
    {
      "index": 32,
      "start": "16:00",
      "end": "16:30",
      "status": ""
    },
    {
      "index": 30,
      "start": "15:00",
      "end": "15:30",
      "status": "appointed"
    },
    {
      "index": 44,
      "start": "22:00",
      "end": "22:30",
      "status": ""
    }
  ]
}
